id;title;content;date;likes
1;house out tambourine;../fake-data/blob/hipster.txt;2023-11-23T17:52:41;14589
2;immaculate dreamily consequently;../fake-data/blob/hipster.txt;2023-11-23T15:11:08;32045
3;power unique likewise;../fake-data/blob/hipster.txt;2023-11-23T14:06:44;20829
4;scented;../fake-data/blob/hipster.txt;2023-11-23T04:14:02;6920
5;untimely silently;../fake-data/blob/hipster.txt;2023-11-23T16:56:16;4857
6;psst;../fake-data/blob/hipster.txt;2023-11-23T00:38:55;6483
7;that off;../fake-data/blob/hipster.txt;2023-11-23T00:17:48;3749
8;businessman pride;../fake-data/blob/hipster.txt;2023-11-23T17:02:21;30618
9;circa;../fake-data/blob/hipster.txt;2023-11-23T05:35:37;5909
10;amidst who;../fake-data/blob/hipster.txt;2023-11-23T07:36:33;14695
